Risk_Flag,n,Percentage
High Risk,489,13.346069868995633
Low Risk,1463,39.92903930131004
Moderate Risk,1712,46.724890829694324
