Risk_Flag,Total_Revenue,Revenue_Share
High Risk,51150755.22,9.860929150265974
Low Risk,197108387.83,37.99888855902562
Moderate Risk,270462312.51,52.1401822907084
